{
    "acados_include_path": "/home/rean/acados/include",
    "acados_lib_path": "/home/rean/acados/lib",
    "code_export_directory": "/home/rean/flight-control-lab/flight-control-lab/c_generated_code",
    "constraints": {
        "C": [
            [
                0,
                0
            ],
            [
                0,
                0
            ],
            [
                0,
                0
            ]
        ],
        "C_e": [
            [
                -0.2454367221573751,
                0.5014652422706631
            ],
            [
                -0.214,
                -0.01815
            ],
            [
                -0.18256327784262488,
                -0.5377652422706631
            ]
        ],
        "D": [
            [
                1.7320508075688772,
                1.0
            ],
            [
                0.0,
                1.0
            ],
            [
                -1.7320508075688772,
                1.0
            ]
        ],
        "constr_type": "BGP",
        "constr_type_e": "BGP",
        "idxbu": [],
        "idxbx": [],
        "idxbx_0": [
            0,
            1
        ],
        "idxbx_e": [],
        "idxbxe_0": [
            0,
            1
        ],
        "idxsbu": [],
        "idxsbx": [],
        "idxsbx_e": [],
        "idxsg": [],
        "idxsg_e": [],
        "idxsh": [],
        "idxsh_e": [],
        "idxsphi": [
            0
        ],
        "idxsphi_e": [
            0
        ],
        "lbu": [],
        "lbx": [],
        "lbx_0": [
            0,
            0
        ],
        "lbx_e": [],
        "lg": [
            -55.425625842204084,
            -27.712812921102042,
            -55.425625842204084
        ],
        "lg_e": [
            -27.825625842204087,
            -0.11281292110204433,
            -27.825625842204087
        ],
        "lh": [],
        "lh_e": [],
        "lphi": [
            0.0,
            -1000000000.0
        ],
        "lphi_e": [
            0.0,
            -1000000000.0
        ],
        "lsbu": [],
        "lsbx": [],
        "lsbx_e": [],
        "lsg": [],
        "lsg_e": [],
        "lsh": [],
        "lsh_e": [],
        "lsphi": [
            0.0
        ],
        "lsphi_e": [
            0.0
        ],
        "ubu": [],
        "ubx": [],
        "ubx_0": [
            0,
            0
        ],
        "ubx_e": [],
        "ug": [
            55.425625842204084,
            27.712812921102042,
            55.425625842204084
        ],
        "ug_e": [
            83.02562584220408,
            55.31281292110204,
            83.02562584220408
        ],
        "uh": [],
        "uh_e": [],
        "uphi": [
            0.0,
            768.0
        ],
        "uphi_e": [
            0.0,
            768.0
        ],
        "usbu": [],
        "usbx": [],
        "usbx_e": [],
        "usg": [],
        "usg_e": [],
        "ush": [],
        "ush_e": [],
        "usphi": [
            0.0
        ],
        "usphi_e": [
            0.0
        ]
    },
    "cost": {
        "Vu": [
            [
                0.0,
                0.0
            ],
            [
                0.0,
                0.0
            ],
            [
                1.0,
                0.0
            ],
            [
                0.0,
                1.0
            ]
        ],
        "Vu_0": [
            [
                0.0,
                0.0
            ],
            [
                0.0,
                0.0
            ],
            [
                1.0,
                0.0
            ],
            [
                0.0,
                1.0
            ]
        ],
        "Vx": [
            [
                1.0,
                0.0
            ],
            [
                0.0,
                1.0
            ],
            [
                0.0,
                0.0
            ],
            [
                0.0,
                0.0
            ]
        ],
        "Vx_0": [
            [
                1.0,
                0.0
            ],
            [
                0.0,
                1.0
            ],
            [
                0.0,
                0.0
            ],
            [
                0.0,
                0.0
            ]
        ],
        "Vx_e": [
            [
                1.0,
                0.0
            ],
            [
                0.0,
                1.0
            ]
        ],
        "Vz": [],
        "Vz_0": [],
        "W": [
            [
                0.1,
                0.0,
                0.0,
                0.0
            ],
            [
                0.0,
                0.1,
                0.0,
                0.0
            ],
            [
                0.0,
                0.0,
                0.01,
                0.0
            ],
            [
                0.0,
                0.0,
                0.0,
                0.01
            ]
        ],
        "W_0": [
            [
                0.1,
                0.0,
                0.0,
                0.0
            ],
            [
                0.0,
                0.1,
                0.0,
                0.0
            ],
            [
                0.0,
                0.0,
                0.01,
                0.0
            ],
            [
                0.0,
                0.0,
                0.0,
                0.01
            ]
        ],
        "W_e": [
            [
                2.5e-05,
                0.0
            ],
            [
                0.0,
                2.5e-05
            ]
        ],
        "Zl": [
            0.0
        ],
        "Zl_e": [
            0.0
        ],
        "Zu": [
            0.0
        ],
        "Zu_e": [
            0.0
        ],
        "cost_ext_fun_type": "casadi",
        "cost_ext_fun_type_0": "casadi",
        "cost_ext_fun_type_e": "casadi",
        "cost_type": "LINEAR_LS",
        "cost_type_0": "LINEAR_LS",
        "cost_type_e": "LINEAR_LS",
        "yref": [
            0.0,
            0.0,
            0.0,
            0.0
        ],
        "yref_0": [
            0.0,
            0.0,
            0.0,
            0.0
        ],
        "yref_e": [
            0.0,
            0.0
        ],
        "zl": [
            1000.0
        ],
        "zl_e": [
            1000.0
        ],
        "zu": [
            1000.0
        ],
        "zu_e": [
            1000.0
        ]
    },
    "cython_include_dirs": [
        "/home/rean/.local/lib/python3.8/site-packages/numpy/core/include",
        "/usr/include/python3.8"
    ],
    "dims": {
        "N": 2,
        "nbu": 0,
        "nbx": 0,
        "nbx_0": 2,
        "nbx_e": 0,
        "nbxe_0": 2,
        "ng": 3,
        "ng_e": 3,
        "nh": 0,
        "nh_e": 0,
        "np": 4,
        "nphi": 2,
        "nphi_e": 2,
        "nr": 3,
        "nr_e": 3,
        "ns": 1,
        "ns_e": 1,
        "nsbu": 0,
        "nsbx": 0,
        "nsbx_e": 0,
        "nsg": 0,
        "nsg_e": 0,
        "nsh": 0,
        "nsh_e": 0,
        "nsphi": 1,
        "nsphi_e": 1,
        "nu": 2,
        "nx": 2,
        "ny": 4,
        "ny_0": 4,
        "ny_e": 2,
        "nz": 0
    },
    "json_file": "acados_ocp.json",
    "model": {
        "con_h_expr": null,
        "con_h_expr_e": null,
        "con_phi_expr": "jhpnnagiieahaaaadaaaaaaaaaaaaaaaaaeggaaaaaaaaaaaaaaacaaaaaaaaaaaaaaabaaaaaaaaaaaaaaaaaaaaaaaaaaaaaaacaaaaaaaaaaaaaaaaaaaaaaaaaaaaaaabaaaaaaaaaaaaaaacaaaaaaaaaaaaaaaegpcaaaaaaaaaaaaaadaaaaaaachpfadegbaaaaaaaaaaaaaaaeglaaaaaaaaaaaaaaaegpcaaaaaaaaaaaaaadaaaaaaachpfbdeglaaaaaaaaaaaaaaaegpcaaaaaaaaaaaaaadaaaaaaachpfcd",